id,hash,data,files
4,28404446,,[1]
5,9623727,,[1]
6,6072040,,[1]
7,4311066,,[1]
8,780218,,[1]
9,3216656,,[1]
10,620400,,[1]
11,2268920,,[1]
12,4324426,,"[1,2,3]"
13,5862367,,"[1,2]"
14,5188363,,[1]
15,244829,,[1]
16,21732,,[1]
17,1744433,,[1]
18,3160181,,[1]
19,3301754,,[1]
20,3612821,,[1]
21,6130361,,[1]
22,5699005,,[1]
23,9590881,,[1]
24,9614187,,[1]
25,6720426,,[1]
26,4211296,,[1]
27,1307722,,[1]
28,462632,,[1]
29,1488850,,"[1,2]"
30,3278415,,"[1,2]"
31,1104156,,[1]
32,518783,,[1]
33,920533,,[1]
34,33042655,,[2]
35,7428185,,[2]
36,2880037,,[2]
37,2761589,,[2]
38,1573452,,[2]
39,758075,,[2]
40,1796192,,[2]
41,135312,,[2]
42,303459,,[2]
43,3308771,,[2]
44,3206879,,[2]
45,1876343,,[2]
46,1669579,,[2]
47,82219,,"[2,3]"
48,2701442,,[2]
49,2323688,,[2]
50,756882,,[2]
51,2925801,,[2]
52,1252827,,[2]
53,3507304,,"[2,3]"
54,874849,,"[2,3]"
55,1223271,,"[2,3]"
56,7343609,,"[2,3]"
57,5154675,,[2]
58,2831871,,[2]
59,2890229,,"[2,3]"
60,2050866,,"[2,3]"
61,6616225,,[2]
62,812021,,[2]
63,427786,,[2]
64,474504,,[2]
65,1807074,,[2]
66,3218335,,[2]
67,11397082,,[2]
68,2861912,,[2]
69,846335,,[2]
70,825696,,[2]
71,1970787,,[2]
72,1175837,,[2]
73,1857228,,[2]
74,7221864,,[2]
75,3102040,,[2]
76,6384475,,[2]
77,6893699,,[2]
78,1289230,,[2]
79,938587,,[2]
80,1621170,,[2]
81,650488,,[2]
82,1413512,,[2]
83,2953057,,[2]
84,1411661,,[2]
85,1006520,,[2]
86,2268657,,[2]
87,2664057,,[2]
88,1278491,,[2]
89,1258812,,[2]
90,118519,,[2]
91,2417438,,[2]
92,71114,,[2]
93,841152,,[2]
94,253436,,[2]
95,2652399,,[2]
96,903478,,[2]
97,2391943,,[2]
98,2250126,,[2]
99,128160,,[2]
100,1436753,,[2]
101,630420,,[2]
102,3765292,,[2]
103,3187184,,[2]
104,3217587,,[2]
105,853552,,[2]
106,89589,,[2]
107,9531246,,[2]
108,6426817,,[2]
109,54891,,[2]
110,5266919,,[2]
111,6829156,,[2]
112,4002988,,[2]
113,5789894,,[2]
114,6087057,,[2]
115,1395029,,[2]
116,1514895,,[2]
117,514455,,[2]
118,3722061,,[2]
119,1887281,,[2]
120,1846466,,[2]
121,5360413,,[2]
122,4018879,,[2]
123,3056934,,[2]
124,2608333,,[2]
125,705712,,[2]
126,1332254,,[2]
127,1607984,,[2]
128,3310460,,[2]
129,2188660,,[2]
130,4102833,,[2]
131,5283838,,[2]
132,1839535,,[2]
133,1579717,,[2]
134,2614503,,[2]
135,6519697,,[2]
136,3904567,,[2]
137,3707423,,[2]
138,2838700,,[2]
139,1743752,,[2]
140,4745228,,[2]
141,2175541,,[2]
142,25481079,,[3]
143,13416882,,[3]
144,3345323,,[3]
145,2015718,,[3]
146,854135,,[3]
147,8787512,,[3]
148,1973049,,[3]
149,3646160,,[3]
150,3027275,,[3]
151,140811,,[3]
152,141837,,[3]
153,2137424,,[3]
154,3614335,,[3]
155,1195213,,[3]
